"PaperID","PaperTitle","AuthorNames","CleanSessionName","SessionName","OrderinSession"
"S1.1","Learned Perceptive Forward Dynamics Model for Safe and Platform-aware Robotic Navigation","Pascal Roth, Jonas Frey, Cesar Cadena, Marco Hutter","Perception and Navigation","1. Perception and Navigation",1
"S1.2","Demonstrating ViSafe: Vision-enabled Safety for High-speed Detect and Avoid","Parv Kapoor, Ian Higgins, Nikhil Varma Keetha, Jay Patrikar, Brady Moon, Zelin Ye, Yao He, Ivan Cisneros, Changliu Liu, Eunsuk Kang, Sebastian Scherer","Perception and Navigation","1. Perception and Navigation",2
"S1.3","Self-supervised Multi-future Occupancy Forecasting for Autonomous Driving","Bernard Lange, Masha Itkina, Jiachen Li, Mykel Kochenderfer","Perception and Navigation","1. Perception and Navigation",3
"S1.4","MISO: Multiresolution Submap Optimization for Efficient Globally Consistent Neural Implicit Reconstruction","Yulun Tian, Hanwen Cao, Sunghwan Kim, Nikolay Atanasov","Perception and Navigation","1. Perception and Navigation",4
"S1.5","Doppler Correspondence: Non-Iterative Scan Matching With Doppler Velocity-Based Correspondence","Jiwoo Kim, Geunsik Bae, Changseung Kim, Jinwoo Lee, Woojae Shin, Hyondong Oh","Perception and Navigation","1. Perception and Navigation",5
"S1.6","DRO: Doppler-Aware Direct Radar Odometry with Gyroscope","Cedric Le Gentil, Leonardo Brizi, Daniil Lisus, Xinyuan Qiao, Giorgio Grisetti, Timothy Barfoot","Perception and Navigation","1. Perception and Navigation",6
"S1.7","Certifiably-Correct Mapping for Safe Navigation Despite Odometry Drift","Devansh R. Agrawal, Rajiv Govindjee, Taekyung Kim, Trushant Adeshara, Jiangbo Yu, Anurekha Ravikumar, Dimitra Panagou","Perception and Navigation","1. Perception and Navigation",7
"S1.8","Kinodynamic Trajectory Following with STELA: Simultaneous Trajectory Estimation & Local Adaptation","Edgar Granados, Sumanth Tangirala, Kostas Bekris","Perception and Navigation","1. Perception and Navigation",8
"S1.9","Debiasing 6-DOF IMU via Hierarchical Learning of Continuous Bias Dynamics","Ben Liu, Tzu-Yuan Lin, Wei Zhang, Maani Ghaffari","Perception and Navigation","1. Perception and Navigation",9
"S2.1","π₀: A Vision-Language-Action Flow Model for General Robot Control","Kevin Black, Noah Brown, Danny Driess, Adnan Esmail, Michael Robert Equi, Chelsea Finn, Niccolo Fusai, Lachy Groom, Karol Hausman, Brian Ichter, Szymon Jakubczak, Tim Jones, Liyiming Ke, Sergey Levine, Adrian Li-Bell, Mohith Mothukuri, Suraj Nair, Karl Pertsch, Lucy Xiaoyang Shi, Laura Smith, James Tanner, Quan Vuong, Anna Walling, Haohuan Wang, Ury Zhilinsky","VLA Models","2. VLA Models",1
"S2.2","SpatialVLA: Exploring Spatial Representations for Visual-Language-Action Models","Delin Qu, Haoming Song, Qizhi Chen, Yuanqi Yao, Xinyi Ye, Jiayuan Gu, Zhigang Wang, Yan Ding, Bin Zhao, Dong Wang, Xuelong Li","VLA Models","2. VLA Models",2
"S2.3","FAST: Efficient Action Tokenization for Vision-Language-Action Models","Karl Pertsch, Kyle Stachowicz, Brian Ichter, Danny Driess, Suraj Nair, Quan Vuong, Oier Mees, Chelsea Finn, Sergey Levine","VLA Models","2. VLA Models",3
"S2.4","Uni-NaVid: A Video-based Vision-Language-Action Model for Unifying Embodied Navigation Tasks","Jiazhao Zhang, Kunyu Wang, Shaoan Wang, Minghan Li, Haoran Liu, Songlin Wei, Zhongyuan Wang, Zhizheng Zhang, He Wang","VLA Models","2. VLA Models",4
"S2.5","Learning to Act Anywhere with Task-centric Latent Actions","Qingwen Bu, Yanting Yang, Jisong Cai, Shenyuan Gao, Guanghui Ren, Maoqing Yao, Ping Luo, Hongyang Li","VLA Models","2. VLA Models",5
"S2.6","Unified World Models: Coupling Video and Action Diffusion for Pretraining on Large Robotic Datasets","Chuning Zhu, Raymond Yu, Siyuan Feng, Benjamin Burchfiel, Paarth Shah, Abhishek Gupta","VLA Models","2. VLA Models",6
"S2.7","CLIP-RT: Learning Language-Conditioned Robotic Policies from Natural Language Supervision","Gi-Cheon Kang, Junghyun Kim, Kyuhwan Shim, Jun Ki Lee, Byoung-Tak Zhang","VLA Models","2. VLA Models",7
"S2.8","Fine-Tuning Vision-Language-Action Models: Optimizing Speed and Success","Moo Jin Kim, Chelsea Finn, Percy Liang","VLA Models","2. VLA Models",8
"S2.9","NaVILA: Legged Robot Vision-Language-Action Model for Navigation","An-Chieh Cheng, Yandong Ji, Zhaojing Yang, Zaitian Gongye, Xueyan Zou, Jan Kautz, Erdem Biyik, Hongxu Yin, Sifei Liu, Xiaolong Wang","VLA Models","2. VLA Models",9
"S2.10","ConRFT: A Reinforced Fine-tuning Method for VLA Models via Consistency Policy","Yuhui Chen, Shuai Tian, Shugao Liu, Yingting Zhou, Haoran Li, Dongbin Zhao","VLA Models","2. VLA Models",10
"S3.1","Demonstrating MuJoCo Playground","Kevin Zakka, Baruch Tabanpour, Qiayuan Liao, Mustafa Haiderbhai, Samuel Holt, Jing Yuan Luo, Arthur Allshire, Erik Frey, Koushil Sreenath, Lueder Alexander Kahrs, Carmelo Sferrazza, Yuval Tassa, Pieter Abbeel","Scaling Robot Learning","3. Scaling Robot Learning",1
"S3.2","Demonstrating GPU Parallelized Robot Simulation and Rendering for Generalizable Embodied AI with ManiSkill3","Stone Tao, Fanbo Xiang, Arth Shukla, Yuzhe Qin, Xander Hinrichsen, Xiaodi Yuan, Chen Bao, Xinsong Lin, Yulin Liu, Tse-Kai Chan, Yuan Gao, Xuanlin Li, Tongzhou Mu, Nan Xiao, Arnav Gurha, Viswesh N., Yong Woo Choi, Yen-Ru Chen, Zhiao Huang, Roberto Calandra, Rui Chen, Shan Luo, Hao Su","Scaling Robot Learning","3. Scaling Robot Learning",2
"S3.3","RoboVerse: A Unified Platform, Benchmark and Dataset for Scalable and Generalizable Robot Learning","Haoran Geng, Feishi Wang, Songlin Wei, Yuyang Li, Bangjun Wang, Boshi An, Haozhe Lou, Charlie Tianyue Cheng, Peihao Li, Haozhe Chen, Yutong Liang, Yuxi Qian, Jiageng Mao, Weikang Wan, Yiran Geng, Mingtong Zhang, Jiangran Lyu, Siheng Zhao, Jiazhao Zhang, Chaoyi Xu, Jialiang Zhang, Chengyang Zhao, Haoran Lu, Yufei Ding, Ran Gong, Yuran Wang, Yuxuan Kuang, Ruihai Wu, Baoxiong Jia, Hao Dong, Siyuan Huang, Yue Wang, Jitendra Malik, Pieter Abbeel","Scaling Robot Learning","3. Scaling Robot Learning",3
"S3.4","Robot Data Curation with Mutual Information Estimators","Joey Hejna, Suvir Mirchandani, Ashwin Balakrishna, Annie Xie, Ayzaan Wahid, Jonathan Tompson, Pannag R. Sanketi, Dhruv Shah, Coline Manon Devin, Dorsa Sadigh","Scaling Robot Learning","3. Scaling Robot Learning",4
"S3.5","Coherance-based Approximate Derivatives via Web of Affine Spaces Optimization","Daniel Rakita, Chen Liang, Qian Wang","Scaling Robot Learning","3. Scaling Robot Learning",5
"S3.6","Robot Learning with Super-Linear Scaling","Marcel Torne Villasevil, Arhan Jain, Jiayi Yuan, Vidyaaranya Macha, Lars Lien Ankile, Anthony Simeonov, Pulkit Agrawal, Abhishek Gupta","Scaling Robot Learning","3. Scaling Robot Learning",6
"S3.7","Action Flow Matching for Lifelong Learning","Alejandro Murillo-González, Lantao Liu","Scaling Robot Learning","3. Scaling Robot Learning",7
"S3.8","Solving Multi-Agent Safe Optimal Control with Distributed Epigraph Form MARL","Songyuan Zhang, Oswin So, Mitchell Black, Zachary Serlin, Chuchu Fan","Scaling Robot Learning","3. Scaling Robot Learning",8
"S3.9","RLDG: Robotic Generalist Policy Distillation via Reinforcement Learning","Charles Xu, Qiyang Li, Jianlan Luo, Sergey Levine","Scaling Robot Learning","3. Scaling Robot Learning",9
"S4.1","ROMAN: Open-Set Object Map Alignment for Robust View-Invariant Global Localization","Mason Peterson, Yixuan Jia, Yulun Tian, Annika Thomas, Jonathan P. How","Perception","4. Perception",1
"S4.2","GauSS-MI: Gaussian Splatting Shannon Mutual Information for Active 3D Reconstruction","Yuhan Xie, Yixi Cai, Yinqiang Zhang, Lei Yang, Jia Pan","Perception","4. Perception",2
"S4.3","LiDAR Registration with Visual Foundation Models","Niclas Vödisch, Giovanni Cioffi, Marco Cannici, Wolfram Burgard, Davide Scaramuzza","Perception","4. Perception",3
"S4.4","Building Rome with Convex Optimization","Haoyu Han, Heng Yang","Perception","4. Perception",4
"S4.5","Demonstrating MOSART: Opening Articulated Objects in the Real World","Arjun Gupta, Michelle Zhang, Rishik Sathua, Saurabh Gupta","Perception","4. Perception",5
"S4.6","Vysics: Object Reconstruction Under Occlusion by Fusing Vision and Contact-Rich Physics","Bibit Bianchini, Minghan Zhu, Mengti Sun, Bowen Jiang, Camillo Jose Taylor, Michael Posa","Perception","4. Perception",6
"S4.7","Implicit Neural-Representation Learning for Elastic Deformable-Object Manipulations","Jeongho Ha, Minseok Song, Bonggyeong Park, Daehyung Park","Perception","4. Perception",7
"S4.8","Particle-Grid Neural Dynamics for Learning Deformable Object Models from Depth Images","Kaifeng Zhang, Baoyu Li, Kris Hauser, Yunzhu Li","Perception","4. Perception",8
"S4.9","V-HOP: Visuo-Haptic 6D Object Pose Tracking","Hongyu Li, Mingxi Jia, Mete Tuluhan Akbulut, Yu Xiang, George Konidaris, Srinath Sridhar","Perception","4. Perception",9
"S4.10","Autotune: Joint Weight Tuning and Estimation","Kasra Khosoussi, Iman Shames","Perception","4. Perception",10
"S4.11","Map Space Belief Prediction for Manipulation-Enhanced Mapping","Joao Marcos Correia Marques, Nils Dengler, Jesper Mücke, Tobias Zaenker, Shenlong Wang, Maren Bennewitz, Kris Hauser","Perception","4. Perception",11
"S4.12","PINGS: Gaussian Splatting Meets Distance Fields within a Point-Based Implicit Neural Map","Yue Pan, Xingguang Zhong, Liren Jin, Louis Wiesmann, Marija Popovic, Jens Behley, Cyrill Stachniss","Perception","4. Perception",12
"S4.13","RAMEN: Real-time Asynchronous Multi-agent Neural Implicit Mapping","Hongrui Zhao, Boris Ivanovic, Negar Mehr","Perception","4. Perception",13
"S4.14","RoboPanoptes: The All-Seeing Robot with Whole-body Dexterity","Xiaomeng Xu, Dominik Bauer, Shuran Song","Perception","4. Perception",14
"S5.1","Bilevel Learning for Bilevel Planning","Bowen Li, Tom Silver, Sebastian Scherer, Alexander G. Gray","Planning","5. Planning",1
"S5.2","A Biconvex Method for Minimum-Time Motion Planning Through Sequences of Convex Sets","Tobia Marcucci, Mathew Halm, William Yang, Dongchan Lee, Andrew Marchese","Planning","5. Planning",2
"S5.3","Superfast Configuration-Space Convex Set Computation on GPUs for Online Motion Planning","Peter Werner, Richard Cheng, Tom Stewart, Russ Tedrake, Daniela Rus","Planning","5. Planning",3
"S5.4","Global Contact-Rich Planning with Sparsity-Rich Semidefinite Relaxations","Guorui Liu, Shucheng Kang, Heng Yang","Planning","5. Planning",4
"S5.5","On the Surprising Robustness of Sequential Convex Optimization for Contact-Implicit Motion Planning","Yulin Li, Haoyu Han, Shucheng Kang, Jun Ma, Heng Yang","Planning","5. Planning",5
"S5.6","Effective Sampling for Robot Motion Planning Through the Lens of Lattices","Itai Panasoff, Kiril Solovey","Planning","5. Planning",6
"S5.7","Efficient Hierarchical Any-Angle Path Planning on Multi-Resolution 3D Grids","Victor Reijgwart, Cesar Cadena, Roland Siegwart, Lionel Ott","Planning","5. Planning",7
"S5.8","Differentiable GPU-Parallelized Task and Motion Planning","William Shen, Caelan Reed Garrett, Nishanth Kumar, Ankit Goyal, Tucker Hermans, Leslie Pack Kaelbling, Tomás Lozano-Pérez, Fabio Ramos","Planning","5. Planning",8
"S5.9","Flow Matching Ergodic Coverage","Max Muchen Sun, Allison Pinosky, Todd Murphey","Planning","5. Planning",9
"S6.1","Reactive Diffusion Policy: Slow-Fast Visual-Tactile Policy Learning for Contact-Rich Manipulation","Han Xue, Jieji Ren, Wendi Chen, Gu Zhang, Fang Yuan, Guoying Gu, Huazhe Xu, Cewu Lu","Manipulation I","6. Manipulation I",1
"S6.2","Physics-Driven Data Generation for Contact-Rich Manipulation via Trajectory Optimization","Lujie Yang, H.j. Terry Suh, Tong Zhao, Bernhard Paus Graesdal, Tarik Kelestemur, Jiuguang Wang, Tao Pang, Russ Tedrake","Manipulation I","6. Manipulation I",2
"S6.3","ViTaSCOPE: Visuo-tactile Implicit Representation for In-hand Pose and Extrinsic Contact Estimation","Jayjun Lee, Nima Fazeli","Manipulation I","6. Manipulation I",3
"S6.4","Design of a low-cost and lightweight 6 DoF bimanual arm for dynamic and contact-rich manipulation","Jaehyung Kim, Jiho Kim, Dongryung Lee, Yujin Jang, Beomjoon Kim","Manipulation I","6. Manipulation I",4
"S6.5","PP-Tac: Paper Picking Using Omnidirectional Tactile Feedback in Dexterous Robotic Hands","Pei Lin, Yuzhe Huang, Jianpeng Ma, Chenxi Xiao, Wanlin Li, Ziyuan Jiao","Manipulation I","6. Manipulation I",5
"S6.6","GeoDEx: A Unified Geometric Framework for Tactile Dexterous and Extrinsic Manipulation under Force Uncertainty","Sirui Chen, Sergio Francisco Aguilera Marinovic, Soshi Iba, Rana Soltani Zarrin","Manipulation I","6. Manipulation I",6
"S6.7","Demonstrating the Octopi-1.5 Visual-Tactile-Language Model","Samson Yu, Lin Kelvin, Harold Soh","Manipulation I","6. Manipulation I",7
"S6.8","Demonstrating REASSEMBLE: A Multimodal Dataset for Contact-rich Robotic Assembly and Disassembly","Daniel Sliwowski, Shail Jadav, Sergej Stanovcic, Jędrzej Orbik, Johannes Heidersberger, Dongheui Lee","Manipulation I","6. Manipulation I",8
"S6.9","Robust Peg-in-Hole Assembly under Uncertainties via Compliant and Interactive Contact-Rich Manipulation","Yiting Chen, Kenneth Kimble, Howard H. Qian, Podshara Chanrungmaneekul, Robert Seney, Kaiyu Hang","Manipulation I","6. Manipulation I",9
"S7.1","AMO: Adaptive Motion Optimization for Hyper-Dexterous Humanoid Whole-Body Control","Jialong Li, Xuxin Cheng, Tianshu Huang, Shiqi Yang, Ri-Zhao Qiu, Xiaolong Wang","Humanoids","7. Humanoids",1
"S7.2","Demonstrating Berkeley Humanoid Lite: An Open-source, Accessible, and Customizable 3D-printed Humanoid Robot","Yufeng Chi, Qiayuan Liao, Junfeng Long, Xiaoyu Huang, Sophia Shao, Borivoje Nikolic, Zhongyu Li, Koushil Sreenath","Humanoids","7. Humanoids",2
"S7.3","Learning Getting-Up Policies for Real-World Humanoid Robots","Xialin He, Runpei Dong, Zixuan Chen, Saurabh Gupta","Humanoids","7. Humanoids",3
"S7.4","Learning Humanoid Standing-up Control across Diverse Postures","Tao Huang, Junli Ren, Huayi Wang, Zirui Wang, Qingwei Ben, Muning Wen, Xiao Chen, Jianan Li, Jiangmiao Pang","Humanoids","7. Humanoids",4
"S7.5","End-to-end Learning of Humanoid Whole-body Control from Natural Language","Yiyang Shao, Bike Zhang, Qiayuan Liao, Xiaoyu Huang, Yuman Gao, Yufeng Chi, Zhongyu Li, Sophia Shao, Koushil Sreenath","Humanoids","7. Humanoids",5
"S7.6","ASAP: Aligning Simulation and Real-World Physics for Learning Agile Humanoid Whole-Body Skills","Tairan He, Jiawei Gao, Wenli Xiao, Yuanhang Zhang, Zi Wang, Jiashun Wang, Zhengyi Luo, Guanqi He, Nikhil Sobanbabu, Chaoyi Pan, Zeji Yi, Guannan Qu, Kris Kitani, Jessica K. Hodgins, Linxi Fan, Yuke Zhu, Changliu Liu, Guanya Shi","Humanoids","7. Humanoids",6
"S7.7","A Unified and General Humanoid Whole-Body Controller for Fine-Grained Locomotion","Yufei Xue, Wentao Dong, Minghuan Liu, Weinan Zhang, Jiangmiao Pang","Humanoids","7. Humanoids",7
"S7.8","BeamDojo: Learning Agile Humanoid Locomotion on Sparse Footholds","Huayi Wang, Zirui Wang, Junli Ren, Qingwei Ben, Tao Huang, Weinan Zhang, Jiangmiao Pang","Humanoids","7. Humanoids",8
"S7.9","Gait-Net-augmented Implicit Kino-dynamic MPC for Dynamic Variable-frequency Humanoid Locomotion over Discrete Terrains","Junheng Li, Ziwei Duan, Junchao Ma, Quan Nguyen","Humanoids","7. Humanoids",9
"S7.10","HOMIE: Humanoid Loco-Manipulation with Isomorphic Exoskeleton Cockpit","Qingwei Ben, Feiyu Jia, Jia Zeng, Junting Dong, Dahua Lin, Jiangmiao Pang","Humanoids","7. Humanoids",10
"S8.1","Curating Demonstrations using Online Experience","Annie S. Chen, Alec M. Lessing, Yuejiang Liu, Chelsea Finn","Imitation Learning I","8. Imitation Learning I",1
"S8.2","CodeDiffuser: Attention-Enhanced Diffusion Policy via VLM-Generated Code for Instruction Ambiguity","Guang Yin, Yitong Li, Yixuan Wang, Dale Mcconachie, Paarth Shah, Kunimatsu Hashimoto, Huan Zhang, Katherine Liu, Yunzhu Li","Imitation Learning I","8. Imitation Learning I",2
"S8.3","Can We Detect Failures Without Failure Data? Uncertainty-Aware Runtime Failure Detection for Imitation Learning Policies","Chen Xu, Tony Khuong Nguyen, Emma Dixon, Christopher Rodriguez, Patrick Miller, Robert Lee, Paarth Shah, Rares Andrei Ambrus, Haruki Nishimura, Masha Itkina","Imitation Learning I","8. Imitation Learning I",3
"S8.4","Unified Video Action Model","Shuang Li, Yihuai Gao, Dorsa Sadigh, Shuran Song","Imitation Learning I","8. Imitation Learning I",4
"S8.5","DexWild: Dexterous Human Interactions for In-the-Wild Robot Policies","Tony Tao, Mohan Kumar Srirama, Jason Jingzhou Liu, Kenneth Shaw, Deepak Pathak","Imitation Learning I","8. Imitation Learning I",5
"S8.6","From Foresight to Forethought: VLM-In-the-Loop Policy Steering via Latent Alignment","Yilin Wu, Thomas Tian, Gokul Swamy, Andrea Bajcsy","Imitation Learning I","8. Imitation Learning I",6
"S8.7","Is Your Imitation Learning Policy Better than Mine? Policy Comparison with Near-Optimal Stopping","David Snyder, Asher James Hancock, Apurva Badithela, Emma Dixon, Patrick Miller, Rares Andrei Ambrus, Anirudha Majumdar, Masha Itkina, Haruki Nishimura","Imitation Learning I","8. Imitation Learning I",7
"S8.8","DDAT: Diffusion Policies Enforcing Dynamically Admissible Robot Trajectories","Jean-Baptiste Bouvier, Kanghyun Ryu, Qiayuan Liao, Koushil Sreenath, Negar Mehr","Imitation Learning I","8. Imitation Learning I",8
"S8.9","FACTR: Force-Attending Curriculum Training for Contact-Rich Policy Learning","Jason Jingzhou Liu, Yulong Li, Kenneth Shaw, Tony Tao, Russ Salakhutdinov, Deepak Pathak","Imitation Learning I","8. Imitation Learning I",9
"S9.1","Morpheus: A Neural-driven Animatronic Face with Hybrid Actuation and Diverse Emotion Control","Zongzheng Zhang, Jiawen Yang, Ziqiao Peng, Meng Yang, Jianzhu Ma, Lin Cheng, Huazhe Xu, Hang Zhao, Hao Zhao","HRI","9. HRI",1
"S9.2","Interface-level Intent Inference for Environment-agnostic Robot Teleoperation Assistance","Larisa Y.c. Loke, Brenna Argall","HRI","9. HRI",2
"S9.3","Sense and Sensibility: What makes an social robot convincing to high-school students?","Pablo Gonzalez-Oliveras, Olov Engwall, Ali Reza Majlesi","HRI","9. HRI",3
"S9.4","FEAST: A Flexible Mealtime-Assistance System Tackling In-the-Wild Scenarios","Rajat Kumar Jenamani, Tom Silver, Ben Dodson, Shiqin Tong, Anthony Song, Yuting Yang, Ziang Liu, Benjamin Howe, Aimee Whitneck, Tapomayukh Bhattacharjee","HRI","9. HRI",4
"S9.5","Demonstrating a Control Framework for Physical Human-Robot Interaction Toward Industrial Applications","Bastien Muraccioli, Mathieu Celerier, Mehdi Benallegue, Gentiane Venture","HRI","9. HRI",5
"S9.6","Users and Wizards in Conversations: How WoZ Interface Choices Define Human-Robot Interactions","Ekaterina Torubarova, Jura Miniotaite, Andre Pereira","HRI","9. HRI",6
"S9.7","Demonstrating Shared Force-Language Embeddings for Natural Human-Robot Communication","Ravi Tejwani, Karl Angel Velazquez, John Payne, Paolo Bonato, Haruhiko Asada","HRI","9. HRI",7
"S9.8","Optimal Interactive Learning on the Job via Facility Location Planning","Shivam Vats, Michelle D. Zhao, Patrick Callaghan, Mingxi Jia, Maxim Likhachev, Oliver Kroemer, George Konidaris","HRI","9. HRI",8
"S9.9","A Robot-Assisted Approach to Small Talk Training for Adults with ASD","Rebecca Ramnauth, Dražen Brščić, Brian Scassellati","HRI","9. HRI",9
"S9.10","Interruption Handling for Conversational Robots","Shiye Cao, Jiwon Moon, Amama Mahmood, Victor Nikhil Antony, Ziang Xiao, Anqi Liu, Chien-Ming Huang","HRI","9. HRI",10
"S9.11","ASTRID: A Robotic Tutor for Nurse Training to Reduce Healthcare-Associated Infections","Peizhu Qian, Filip Bajraktari, Carlos Quintero-Pena, Qingxi Meng, Shannan Hamlin, Lydia E. Kavraki, Vaibhav V. Unhelkar","HRI","9. HRI",11
"S9.12","Towards Uncertainty Unification: A Case Study for Preference Learning","Shaoting Peng, Haonan Chen, Katherine Rose Driggs-Campbell","HRI","9. HRI",12
"S9.13","Demonstrating Arena 5.0: A Photorealistic ROS2 Simulation Framework for Developing and Benchmarking Social Navigation","Linh Kästner, Volodymyr Shcherbyna, Harold Soh, Giang Nguyen Huu Truong, Do Duc Anh, Ton Manh Kien, Tim Seeger, Ahmed Martban, Vu Thanh Lam, Nguyen Quoc Hung, Pham Thai Hoang Tung, Tran Dang An, Eva Wiese, Maximilian Ho-Kyoung Schreff","HRI","9. HRI",13
"S9.14","Safety with Agency: Human-Centered Safety Filter with Application to AI-Assisted Motorsports","Donggeon David Oh, Justin Lidard, Haimin Hu, Himani Sinhmar, Elle Lazarski, Deepak Edakkattil Gopinath, Emily Sumner, Jonathan Decastro, Guy Rosman, Naomi Leonard, Jaime Fernández Fisac","HRI","9. HRI",14
"S10.1","Multi-Layer Safety for Multi-Agent Reinforcement Learning","Jasmine Jerry Aloor, Jason Jangho Choi, Jingqi Li, Maria G. Mendoza, Hamsa Balakrishnan, Claire Tomlin","Multi-Robot Systems","10. Multi-Robot Systems",1
"S10.2","FERMI: Flexible Radio Mapping with a Hybrid Propagation Model and Scalable Autonomous Data Collection","Yiming Luo, Yunfei Wang, Hongming Chen, Chengkai Wu, Ximin Lyu, Jinni Zhou, Jun Ma, Fu Zhang, Boyu Zhou","Multi-Robot Systems","10. Multi-Robot Systems",2
"S10.3","Online Competitive Information Gathering for Partially Observable Trajectory Games","Mel Krusniak, Hang Xu, Forrest John Laine","Multi-Robot Systems","10. Multi-Robot Systems",3
"S10.4","Collaborative Object Transportation in Space via Impact Interactions","Joris Verhagen, Jana Tumova","Multi-Robot Systems","10. Multi-Robot Systems",4
"S10.5","APEX-MR: Multi-Robot Asynchronous Planning and Execution for Cooperative Assembly","Philip Huang, Ruixuan Liu, Shobhit Aggarwal, Changliu Liu, Jiaoyang Li","Multi-Robot Systems","10. Multi-Robot Systems",5
"S10.6","Hierarchical Temporal Logic Task and Motion Planning for Multi-Robot Systems","Zhongqi Wei, Xusheng Luo, Changliu Liu","Multi-Robot Systems","10. Multi-Robot Systems",6
"S10.7","A Probabilistic Measure of Multi-Robot Connectivity and Ergodic Optimal Control","Yongce Liu, Zhongqiang Ren","Multi-Robot Systems","10. Multi-Robot Systems",7
"S10.8","How to Coordinate UAVs and UGVs for Efficient Mission Planning? Optimizing Energy-Constrained Cooperative Routing with a DRL Framework","Mohammad Safwan Mondal, Subramanian Ramasamy, Pranav Bhounsule","Multi-Robot Systems","10. Multi-Robot Systems",8
"S10.9","Influence of Static and Dynamic Downwash Interactions on Multi-Quadrotor Systems","Anoop Kiran, Nora Ayanian, Kenneth Breuer","Multi-Robot Systems","10. Multi-Robot Systems",9
"S11.1","DexterityGen: Foundation Controller for Unprecedented Dexterity","Zhao-Heng Yin, Changhao Wang, Luis Pineda, Francois Robert Hogan, Chaithanya Krishna Bodduluri, Akash Sharma, Patrick Lancaster, Ishita Prasad, Mrinal Kalakrishnan, Jitendra Malik, Mike Lambeta, Tingfan Wu, Pieter Abbeel, Mustafa Mukadam","Manipulation II","11. Manipulation II",1
"S11.2","DOGlove: Dexterous Manipulation with a Low-Cost Open-Source Haptic Force Feedback Glove","Han Zhang, Songbo Hu, Zhecheng Yuan, Huazhe Xu","Manipulation II","11. Manipulation II",2
"S11.3","Dexonomy: Synthesizing All Dexterous Grasp Types in a Grasp Taxonomy","Jiayi Chen, Yubin Ke, Lin Peng, He Wang","Manipulation II","11. Manipulation II",3
"S11.4","Dex1B: Learning with 1B Demonstrations for Dexterous Manipulation","Jianglong Ye, Keyi Wang, Chengjing Yuan, Ruihan Yang, Yiquan Li, Jiyue Zhu, Yuzhe Qin, Xueyan Zou, Xiaolong Wang","Manipulation II","11. Manipulation II",4
"S11.5","Demonstrating Multi-Suction Item Picking at Scale via Multi-Modal Learning of Pick Success","Che Wang, Jeroen Vanbaar, Chaitanya Mitash, Shuai Li, Dylan Randle, Weiyao Wang, Sumedh Anand Sontakke, Kostas Bekris, Kapil Katyal","Manipulation II","11. Manipulation II",5
"S11.6","Vib2Move: In-hand Object Reconfiguration via Fingertip Micro-vibrations","Xili Yi, Nima Fazeli","Manipulation II","11. Manipulation II",6
"S11.7","Sim-and-Real Co-Training: A Simple Recipe for Vision-Based Robotic Manipulation","Abhiram Maddukuri, Zhenyu Jiang, Lawrence Yunliang Chen, Soroush Nasiriany, Yuqi Xie, Yu Fang, Wenqi Huang, Zu Wang, Zhenjia Xu, Nikita Chernyadev, Scott Reed, Ken Goldberg, Ajay Mandlekar, Linxi Fan, Yuke Zhu","Manipulation II","11. Manipulation II",7
"S11.8","CordViP: Correspondece-based Visuomotor Policy for Dexterous Manipulation in Real-World","Yankai Fu, Ning Chen, Qiuxuan Feng, Zichen Zhou, Mengzhen Liu, Mingdong Wu, Tianxing Chen, Shanyu Rong, Jiaming Liu, Hao Dong, Shanghang Zhang","Manipulation II","11. Manipulation II",8
"S11.9","Complementarity-Free Multi-Contact Modeling and Optimization for Dexterous Manipulation","Wanxin Jin","Manipulation II","11. Manipulation II",9
"S12.1","Safe Beyond the Horizon: Efficient Sampling-based MPC with Neural Control Barrier Functions","Ji Yin, Oswin So, Eric Yang Yu, Chuchu Fan, Panagiotis Tsiotras","Control and Dynamics","12. Control and Dynamics",1
"S12.2","Dynamic Safety in Complex Environments: Synthesizing Safety Filters with Poissonâ€™s Equation","Gilbert Bahati, Ryan M. Bena, Aaron Ames","Control and Dynamics","12. Control and Dynamics",2
"S12.3","Bridging Model Predictive Control and Deep Learning for Scalable Reachability Analysis","Zeyuan Feng, Le Qiu, Somil Bansal","Control and Dynamics","12. Control and Dynamics",3
"S12.4","Distilling Contact Planning for Fast Trajectory Optimization in Robot Air Hockey","Julius Jankowski, Ante Marić, Puze Liu, Davide Tateo, Jan Peters, Sylvain Calinon","Control and Dynamics","12. Control and Dynamics",4
"S12.5","Leveling the Playing Field: Carefully Comparing Classical and Learned Controllers for Quadrotor Trajectory Tracking","Pratik Kunapuli, Jake Welde, Dinesh Jayaraman, Vijay Kumar","Control and Dynamics","12. Control and Dynamics",5
"S12.6","A Generic Continuous Multi-Joint Spinal Robotic System for Agile and Accurate Behaviors with GNN-MPC method","Ying Wu, Zida Zhou, Renmingliu, Lanxiang Zheng, Hui Cheng","Control and Dynamics","12. Control and Dynamics",6
"S12.7","Behavior Synthesis via Contact-Aware Fisher Information Maximization","Hrishikesh Sathyanarayan, Ian Abraham","Control and Dynamics","12. Control and Dynamics",7
"S12.8","Geometric Gait Optimization for Kinodynamic Systems Using a Lie Group Integrator","Yanhao Yang, Ross Hatton","Control and Dynamics","12. Control and Dynamics",8
"S12.9","Riemannian Direct Trajectory Optimization of Rigid Bodies on Matrix Lie Groups","Sangli Teng, Tzu-Yuan Lin, William A. Clark, Ram Vasudevan, Maani Ghaffari","Control and Dynamics","12. Control and Dynamics",9
"S12.10","Provably-Safe, Online System Identification","Bohao Zhang, Zichang Zhou, Ram Vasudevan","Control and Dynamics","12. Control and Dynamics",10
"S13.1","Human2LocoMan: Learning Versatile Quadrupedal Manipulation with Human Pre-Training","Yaru Niu, Yunzhe Zhang, Mingyang Yu, Changyi Lin, Chenhao Li, Yikai Wang, Yuxiang Yang, Wenhao Yu, Tingnan Zhang, Zhenzhen Li, Jonathan Francis, Bingqing Chen, Jie Tan, Ding Zhao","Mobile Manipulation and Locomotion","13. Mobile Manipulation and Locomotion",1
"S13.2","Gain Tuning Is Not What You Need: Reward Gain Adaptation for Constrained Locomotion Learning","Arthicha Srisuchinnawong, Poramate Manoonpong","Mobile Manipulation and Locomotion","13. Mobile Manipulation and Locomotion",2
"S13.3","SATA: Safe and Adaptive Torque-Based Locomotion Policies Inspired by Animal Learning","Li Peizhuo, Hongyi Li, Ge Sun, Jin Cheng, Xinrong Yang, Guillaume Bellegarda, Milad Shafiee Ashtiani, Yuhong Cao, Auke Ijspeert, Guillaume Adrien Sartoretti","Mobile Manipulation and Locomotion","13. Mobile Manipulation and Locomotion",3
"S13.4","Bridging the Sim-to-Real Gap for Athletic Loco-Manipulation","Nolan Fey, Gabriel B. Margolis, Martin Peticco, Pulkit Agrawal","Mobile Manipulation and Locomotion","13. Mobile Manipulation and Locomotion",4
"S13.5","Adaptive Locomotion on Mud through Proprioceptive Sensing of Substrate Properties","Shipeng Liu, Jiaze Tang, Siyuan Meng, Feifei Qian","Mobile Manipulation and Locomotion","13. Mobile Manipulation and Locomotion",5
"S13.6","Discrete-Time Hybrid Automata Learning: Legged Locomotion Meets Skateboarding","Hang Liu, Sangli Teng, Ben Liu, Wei Zhang, Maani Ghaffari","Mobile Manipulation and Locomotion","13. Mobile Manipulation and Locomotion",6
"S13.7","SafeMimic: Towards Safe and Autonomous Human-to-Robot Imitation for Mobile Manipulation","Arpit Bahety, Arnav Balaji, Ben Abbatematteo, Roberto Martín-Martín","Mobile Manipulation and Locomotion","13. Mobile Manipulation and Locomotion",7
"S13.8","DVS: Dynamic Virtual-Real Simulation Platform for Mobile Robotic Tasks","Zijie Zheng, Zeshun Li, Yunpeng Wang, Qinghongbing Xie, Long Zeng","Mobile Manipulation and Locomotion","13. Mobile Manipulation and Locomotion",8
"S13.9","Flying Hand: End-Effector-Centric Framework for Versatile Aerial Manipulation Teleoperation and Policy Learning","Guanqi He, Xiaofeng Guo, Luyi Tang, Yuanhang Zhang, Mohammadreza Mousaei, Jiahe Xu, Junyi Geng, Sebastian Scherer, Guanya Shi","Mobile Manipulation and Locomotion","13. Mobile Manipulation and Locomotion",9
"S14.1","RUKA: Rethinking the Design of Humanoid Hands with Learning","Anya Zorin, Irmak Guzey, Nikhil X. Bhattasali, Lerrel Pinto","Robot Design","14. Robot Design",1
"S14.2","Demonstrating LEAP Hand V3: Low-Cost, Easy-to-Assemble, High-Performance Hand for Robot Learning","Kenneth Shaw, Deepak Pathak","Robot Design","14. Robot Design",2
"S14.3","Tactile sensing enables vertical obstacle negotiation for elongate many-legged robots","Juntao He, Baxi Chong, Massimiliano Iaschi, Vincent R. Nienhusser, Sehoon Ha, Daniel Goldman","Robot Design","14. Robot Design",3
"S14.4","Boxi: Design Decisions in the Context of Algorithmic Performance for Robotics","Jonas Frey, Turcan Tuna, Lanke Frank Tarimo Fu, Cedric Weibel, Katharine Patterson, Benjamin Krummenacher, Matthias Müller, Julian Nubert, Maurice Fallon, Cesar Cadena, Marco Hutter","Robot Design","14. Robot Design",4
"S14.5","emg2tendon: From sEMG Signals to Tendon Control in Musculoskeletal Hands","Sagar Verma","Robot Design","14. Robot Design",5
"S15.1","CREStE: Scalable Mapless Navigation with Internet Scale Priors and Counterfactual Guidance","Arthur Zhang, Harshit Sikchi, Joydeep Biswas, Amy Zhang","Navigation","15. Navigation",1
"S15.2","Generalizing Safety Beyond Collision-Avoidance via Latent-Space Reachability Analysis","Kensuke Nakamura, Lasse Peters, Andrea Bajcsy","Navigation","15. Navigation",2
"S15.3","Verti-Bench: A General and Scalable Off-Road Mobility Benchmark for Vertically Challenging Terrain","Tong Xu, Chenhui Pan, Madhan B. Rao, Aniket Datar, Anuj Pokhrel, Yuanjie Lu, Xuesu Xiao","Navigation","15. Navigation",3
"S15.4","Meta-Learning Online Dynamics Model Adaptation in Off-Road Autonomous Driving","Jacob Levy, Jason Gibson, Bogdan Vlahov, Erica Tevere, Evangelos Theodorou, David Fridovich-Keil, Patrick Spieler","Navigation","15. Navigation",4
"S15.5","Enhancing Autonomous Driving Systems with On-Board Deployed Large Language Models","Nicolas Baumann, Cheng Hu, Paviththiren Sivasothilingam, Haotong Qin, Lei Xie, Michele Magno, Luca Benini","Navigation","15. Navigation",5
"S15.6","Demonstrating CavePI: Autonomous Exploration of Underwater Caves by Semantic Guidance","Alankrit Gupta, Adnan Abdullah, Xianyao Li, Vaishnav Ramesh, Ioannis Rekleitis, Md Jahidul Islam","Navigation","15. Navigation",6
"S15.7","RAPID: Robust and Agile Planner Using Inverse Reinforcement Learning for Vision-Based Drone Navigation","Minwoo Kim, Geunsik Bae, Jinwoo Lee, Woojae Shin, Changseung Kim, Myongyol Choi, Heejung Shin, Hyongdong Oh","Navigation","15. Navigation",7
"S15.8","Neural Inertial Odometry from Lie Events","Royina Karegoudra Jayanth, Yinshuang Xu, Evangelos Chatzipantazis, Kostas Daniilidis, Daniel Gehrig","Navigation","15. Navigation",8
"S15.9","Uncertainty-Aware Trajectory Prediction via Rule-Regularized Heteroscedastic Deep Classification","Kumar Manas, Christian Schlauch, Adrian Paschke, Christian Wirth, Nadja Klein","Navigation","15. Navigation",9
"S16.1","Prompting with the Future: Open-World Model Predictive Control with Interactive Digital Twins","Chuanruo Ning, Kuan Fang, Wei-Chiu Ma","Manipulation III","16. Manipulation III",1
"S16.2","Novel Demonstration Generation with Gaussian Splatting Enables Robust One-Shot Manipulation","Sizhe Yang, Wenye Yu, Jia Zeng, Jun Lv, Kerui Ren, Cewu Lu, Dahua Lin, Jiangmiao Pang","Manipulation III","16. Manipulation III",2
"S16.3","STDArm: Transfer Visuomotor Policy From Static Data Training to Dynamic Robot Manipulation","Yifan Duan, Heng Li, Yilong Wu, Wenhao Yu, Xinran Zhang, Yedong Shen, Jianmin Ji, Yanyong Zhang","Manipulation III","16. Manipulation III",3
"S16.4","PartInstruct: Part-level Instruction Following for Fine-grained Robot Manipulation","Yifan Yin, Zhengtao Han, Shivam Aarya, Shuhang Xu, Jianxin Wang, Jiawei Peng, Angtian Wang, Alan Yuille, Tianmin Shu","Manipulation III","16. Manipulation III",4
"S16.5","You Only Teach Once: Learn One-Shot Bimanual Robotic Manipulation from Video Demonstrations","Huayi Zhou, Ruixiang Wang, Yunxin Tai, Yueci Deng, Guiliang Liu, Kui Jia","Manipulation III","16. Manipulation III",5
"S16.6","Manual2Skill: Learning to Read Manuals and Acquire Robotic Skills for Furniture Assembly Using Vision-Language Models","Chenrui Tie, Shengxiang Sun, Jinxuan Zhu, Yiwei Liu, Jingxiang Guo, Yue Hu, Haonan Chen, Junting Chen, Ruihai Wu, Lin Shao","Manipulation III","16. Manipulation III",6
"S16.7","Sketch-to-Skill: Bootstrapping Robot Learning with Human Drawn Trajectory Sketches","Peihong Yu, Amisha Bhaskar, Anukriti Singh, Zahiruddin Mahammad, Pratap Tokekar","Manipulation III","16. Manipulation III",7
"S16.8","RoboMIND: Benchmark on Multi-embodiment Intelligence Normative Data for Robot Manipulation","Kun Wu, Chengkai Hou, Jiaming Liu, Zhengping Che, Xiaozhu Ju, Zhuqin Yang, Meng Li, Yinuo Zhao, Zhiyuan Xu, Guang Yang, Shichao Fan, Xinhua Wang, Fei Liao, Zhen Zhao, Guangyu Li, Zhao Jin, Lecheng Wang, Jilei Mao, Ning Liu, Pei Ren, Qiang Zhang, Yaoxu Lyu, Mengzhen Liu, He Jingyang, Yulin Luo, Zeyu Gao, Chenxuan Li, Chenyang Gu, Yankai Fu, Di Wu, Xingyu Wang, Sixiang Chen, Zhenyu Wang, Pengju An, Siyuan Qian, Shanghang Zhang, Jian Tang","Manipulation III","16. Manipulation III",8
"S16.9","PIN-WM: Learning Physics-INformed World Models for Non-Prehensile Manipulation","Wenxuan Li, Hang Zhao, Zhiyuan Yu, Yu Du, Qin Zou, Ruizhen Hu, Kai Xu","Manipulation III","16. Manipulation III",9
"S16.10","Hierarchical and Modular Network on Non-prehensile Manipulation in General Environments","Yoonyoung Cho, Junhyek Han, Jisu Han, Beomjoon Kim","Manipulation III","16. Manipulation III",10
"S17.1","Bridging Perception and Action: Spatially-Grounded Mid-Level Representations for Robot Generalization","Jonathan Heewon Yang, Chuyuan Fu, Dhruv Shah, Dorsa Sadigh, Fei Xia, Tingnan Zhang","Imitation Learning II","17. Imitation Learning II",1
"S17.2","ArticuBot: Learning Universal Articulated Object Manipulation Policy via Large Scale Simulation","Yufei Wang, Ziyu Wang, Mino Nakura, Pratik Bhowal, Chia-Liang Kuo, Yi-Ting Chen, Zackory Erickson, David Held","Imitation Learning II","17. Imitation Learning II",2
"S17.3","DemoGen: Synthetic Demonstration Generation for Data-Efficient Visuomotor Policy Learning","Zhengrong Xue, Shuying Deng, Zhenyang Chen, Yixuan Wang, Zhecheng Yuan, Huazhe Xu","Imitation Learning II","17. Imitation Learning II",3
"S17.4","IMLE Policy: Fast and Sample Efficient Visuomotor Policy Learning via Implicit Maximum Likelihood Estimation","Krishan Rana, Robert Lee, David Pershouse, Niko Suenderhauf","Imitation Learning II","17. Imitation Learning II",4
"S17.5","Dynamic Rank Adjustment in Diffusion Policies for Efficient and Flexible Training","Xiatao Sun, Shuo Yang, Yinxing Chen, Francis Fan, Yiyan (Edgar) Liang, Daniel Rakita","Imitation Learning II","17. Imitation Learning II",5
"S17.6","Gripper Pose and Object Pointflow as Interfaces for Robotic Bimanual Manipulation","Yuyin Yang, Zetao Cai, Yang Tian, Jia Zeng, Jiangmiao Pang","Imitation Learning II","17. Imitation Learning II",6
"S17.7","SKIL: Semantic Keypoint Imitation Learning for Generalizable Data-efficient Manipulation","Shengjie Wang, Jiacheng You, Yihang Hu, Jiongye Li, Yang Gao","Imitation Learning II","17. Imitation Learning II",7
"S17.8","Diffeomorphic Obstacle Avoidance for Contractive Dynamical Systems via Implicit Representations","Ken-Joel Simmoteit, Philipp Schillinger, Leonel Rozo","Imitation Learning II","17. Imitation Learning II",8
"S17.9","Learning Interpretable Features from Interventions","Erin Hedlund-Botti, Julianna Schalkwyk, Nina Marie Moorman, Chuxuan Yang, Lakshmi Seelam, Sanne Van Waveren, Russell Perkins, Paul Robinette, Matthew Craig Gombolay","Imitation Learning II","17. Imitation Learning II",9
